{"Val acc": 0.6612903475761414, "weight_decay": 0.028523089728216662, "lr": 0.002289299565567976}