{"Val acc": 0.6696696877479553, "weight_decay": 0.04212501940285933, "lr": 1.2848856552998e-06}